{
  "task": "pressure_surface_only",
  "loss": "MSE",
  "nb_parameters": 75049.0,
  "time_elapsed": 379.48526430130005,
  "hparams": {
    "encoder": [
      7,
      64,
      64,
      8
    ],
    "decoder": [
      8,
      64,
      64,
      1
    ],
    "base_nb": 8,
    "batch_size": 1,
    "nb_epochs": 398,
    "lr": 0.001,
    "subsampling": 32000
  },
  "train_loss": 0.00203300965949893,
  "val_loss": 0.01014802360063186
}